{
  "bot_start": 1776267109.903795,
  "ws_connects": 1,
  "ws_disconnects": 86,
  "cookie_refreshes": [
    1776132494.0650282,
    1776132678.0506382,
    1776132981.67464,
    1776133415.158813,
    1776133598.7169752,
    1776133902.4482791,
    1776159927.226379,
    1776160110.7317429,
    1776160366.1025019,
    1776160694.854172,
    1776160878.4609542,
    1776161126.0578392,
    1776161310.178205,
    1776161613.7411351,
    1776161860.3590112,
    1776162044.014293
  ],
  "last_flush": 1776334044.1563861
}